temperature_level,total_records,total_feed_weight,avg_feed_per_open_biomass,avg_biomass_growth_rate,avg_mortality_percent
alta,132892,104159228.89,0.235468,0.199869,1.0271
baja,126067,171335096.03,667037893.338962,20436196123.715508,0.6104
media,376972,850354836.10,459563325.721665,13497803061.235998,1.0192
sin_dato,99,7239.20,0.025714,-0.998377,2.7386
