{
    "accuracy": 0.8520725407267041,
    "precision": 0.8564256584662043,
    "recall": 0.8436693255982596,
    "f1_score": 0.8499996346978586
}